https://www.facebook.com/groups/480971652022805,
https://www.facebook.com/groups/247348962115115,
https://www.facebook.com/groups/531038353598719,
https://www.facebook.com/groups/544852852217027,
https://www.facebook.com/groups/226291767436111,
https://www.facebook.com/groups/152310134966807,
https://www.facebook.com/groups/286220721421328,
https://www.facebook.com/groups/188218960223,
https://www.facebook.com/groups/821767597882318,
https://www.facebook.com/groups/144488025586731,
https://www.facebook.com/groups/184087555102491,
https://www.facebook.com/groups/438317212900426,
https://www.facebook.com/groups/660080627366565,
https://www.facebook.com/groups/161911637294589,
https://www.facebook.com/groups/154099857956263,
https://www.facebook.com/groups/320370881439030,
https://www.facebook.com/groups/655479174463672,
https://www.facebook.com/groups/1592409501026240,
https://www.facebook.com/groups/180207818675053,
https://www.facebook.com/groups/561594060596836,
https://www.facebook.com/groups/344082719036141,
https://www.facebook.com/groups/590765161020848,
https://www.facebook.com/groups/80763581533,
https://www.facebook.com/groups/127166864003113,
https://www.facebook.com/groups/369103519966501,
https://www.facebook.com/groups/409582992409733,
https://www.facebook.com/groups/109839186022397,
https://www.facebook.com/groups/343287125804556,
https://www.facebook.com/groups/463882890364958,
https://www.facebook.com/groups/452298391483008,
https://www.facebook.com/groups/188381564650255,
https://www.facebook.com/groups/42411559499,
https://www.facebook.com/groups/423010894539774,
https://www.facebook.com/groups/39037093707,
https://www.facebook.com/groups/803164489710038,
https://www.facebook.com/groups/491857827578565,
https://www.facebook.com/groups/15887836774,
https://www.facebook.com/groups/642568979170623,
https://www.facebook.com/groups/702564703122572,
https://www.facebook.com/groups/398681080160262,
https://www.facebook.com/groups/790210677691038,
https://www.facebook.com/groups/153786397975948,
https://www.facebook.com/groups/359183917522245,
https://www.facebook.com/groups/112208512154674,
https://www.facebook.com/groups/514094648696624,
https://www.facebook.com/groups/535342816526893,
https://www.facebook.com/groups/1434262356792500,
https://www.facebook.com/groups/130201677112646,
https://www.facebook.com/groups/202565943255838,
https://www.facebook.com/groups/392936577542438,
https://www.facebook.com/groups/570406959679259,
https://www.facebook.com/groups/142263634593,
https://www.facebook.com/groups/704557252969936,
https://www.facebook.com/groups/386246588180081,
https://www.facebook.com/groups/665608416835160,
https://www.facebook.com/groups/1471551193087810,
https://www.facebook.com/groups/237172329784373,
https://www.facebook.com/groups/628097360581883,
https://www.facebook.com/groups/155386201311704,
https://www.facebook.com/groups/429034750548040,
https://www.facebook.com/groups/268022229969134,
https://www.facebook.com/groups/116226135203689,
https://www.facebook.com/groups/132655387438,
https://www.facebook.com/groups/1441673622718010,
https://www.facebook.com/groups/227750564073791,
https://www.facebook.com/groups/1417643938478360,
https://www.facebook.com/groups/792928324054706,
https://www.facebook.com/groups/236684696392929,
https://www.facebook.com/groups/1435378273346020,
https://www.facebook.com/groups/245372712290259,
https://www.facebook.com/groups/254386121352786,
https://www.facebook.com/groups/477843629005086,
https://www.facebook.com/groups/607508849310332,
https://www.facebook.com/groups/294120277388152,
https://www.facebook.com/groups/118901384941493,
https://www.facebook.com/groups/138892216150744,
https://www.facebook.com/groups/694859640528566,
https://www.facebook.com/groups/531593290259096,
https://www.facebook.com/groups/170355799642125,
https://www.facebook.com/groups/164428273612744,
https://www.facebook.com/groups/514363361909957,
https://www.facebook.com/groups/118317458376373,
https://www.facebook.com/groups/742226165802997,
https://www.facebook.com/groups/141068552579984,
https://www.facebook.com/groups/629547293776455,
https://www.facebook.com/groups/145229422267462,
https://www.facebook.com/groups/183499771829234,
https://www.facebook.com/groups/1401369030095570,
https://www.facebook.com/groups/1397474477165990,
https://www.facebook.com/groups/1482768461987440,
https://www.facebook.com/groups/519724924765457,
https://www.facebook.com/groups/589659594433578,
https://www.facebook.com/groups/184145991730218,
https://www.facebook.com/groups/225640997567226,
https://www.facebook.com/groups/134791493228935,
https://www.facebook.com/groups/777674955582519,
https://www.facebook.com/groups/595875217125593,
https://www.facebook.com/groups/588150734580838,
https://www.facebook.com/groups/731927230181356,
https://www.facebook.com/groups/369978289880042,
https://www.facebook.com/groups/637681109612912,
https://www.facebook.com/groups/1622502867967590,
https://www.facebook.com/groups/1410384512548880,
https://www.facebook.com/groups/421007738098723,
https://www.facebook.com/groups/932084993500979,
https://www.facebook.com/groups/160313010807321,
https://www.facebook.com/groups/110990788921985,
https://www.facebook.com/groups/1646869408862480,
https://www.facebook.com/groups/723719727643438,
https://www.facebook.com/groups/512043878855167,
https://www.facebook.com/groups/618776454896991,
https://www.facebook.com/groups/198870416816538,
https://www.facebook.com/groups/1450001771896600,
https://www.facebook.com/groups/1413165522240200,
https://www.facebook.com/groups/269299556584002,
https://www.facebook.com/groups/460605670705073,
https://www.facebook.com/groups/1443335522561220,
https://www.facebook.com/groups/141170692579139,
https://www.facebook.com/groups/786230864821609,
https://www.facebook.com/groups/234670856721737,
https://www.facebook.com/groups/436266813113365,
https://www.facebook.com/groups/748020648542504,
https://www.facebook.com/groups/1079957542028350,
https://www.facebook.com/groups/294895527267385,
https://www.facebook.com/groups/527618680685613,
https://www.facebook.com/groups/267797796749660,
https://www.facebook.com/groups/185803664763933,
https://www.facebook.com/groups/472457996148666,
https://www.facebook.com/groups/191421817572389,
https://www.facebook.com/groups/1443519195926810,
https://www.facebook.com/groups/379470905589665,
https://www.facebook.com/groups/581199985358719,
https://www.facebook.com/groups/437112119752203,
https://www.facebook.com/groups/614675885214794,
https://www.facebook.com/groups/119216908102030,
https://www.facebook.com/groups/1412306975728290,
https://www.facebook.com/groups/272234130697,
https://www.facebook.com/groups/945620168899386,
https://www.facebook.com/groups/156123821081535,
https://www.facebook.com/groups/434852319874732,
https://www.facebook.com/groups/213618328762509,
https://www.facebook.com/groups/230869190455076,
https://www.facebook.com/groups/118706358293997,
https://www.facebook.com/groups/401661326636744,
https://www.facebook.com/groups/119167358203240,
https://www.facebook.com/groups/213863065460343,
https://www.facebook.com/groups/615533265180804,
https://www.facebook.com/groups/1596294520585530,
https://www.facebook.com/groups/447346502038108,
https://www.facebook.com/groups/1446867672259870,
https://www.facebook.com/groups/224657874262320,
https://www.facebook.com/groups/325928657614434,
https://www.facebook.com/groups/194949843989562,
https://www.facebook.com/groups/244195806425,
https://www.facebook.com/groups/595350340501157,
https://www.facebook.com/groups/364771656978062,
https://www.facebook.com/groups/362188390588104,
https://www.facebook.com/groups/203637803060411,
https://www.facebook.com/groups/918464558220702,
https://www.facebook.com/groups/708873829149301,
https://www.facebook.com/groups/1415665495354330,
https://www.facebook.com/groups/243432172506967,
https://www.facebook.com/groups/296511573786612,
https://www.facebook.com/groups/667365809975523,
https://www.facebook.com/groups/1453348381584860,
https://www.facebook.com/groups/199061166865066,
https://www.facebook.com/groups/130847230300509,
https://www.facebook.com/groups/328692147221220,
https://www.facebook.com/groups/707049156006022,
https://www.facebook.com/groups/556270031109111,
https://www.facebook.com/groups/790544830962539,
https://www.facebook.com/groups/226276250868577,
https://www.facebook.com/groups/1401981636768450,
https://www.facebook.com/groups/216646021693011,
https://www.facebook.com/groups/225502107486741,
https://www.facebook.com/groups/239861256201204,
https://www.facebook.com/groups/385991951418068,
https://www.facebook.com/groups/748786108527495,
https://www.facebook.com/groups/178130012384498,
https://www.facebook.com/groups/247029365473980,
https://www.facebook.com/groups/695834473788771,
https://www.facebook.com/groups/132432030265292,
https://www.facebook.com/groups/751655148192332,
https://www.facebook.com/groups/351226688341997,
https://www.facebook.com/groups/212261118926545,
https://www.facebook.com/groups/131673433678173,
https://www.facebook.com/groups/1396019153991880,
https://www.facebook.com/groups/135878563223662,
https://www.facebook.com/groups/932695733425818,
https://www.facebook.com/groups/2613731119,
https://www.facebook.com/groups/106123532821523,
https://www.facebook.com/groups/526299870881530,
https://www.facebook.com/groups/106527279686569,
https://www.facebook.com/groups/312463812237780,
https://www.facebook.com/groups/673546202686595,
https://www.facebook.com/groups/1429738930614710,
https://www.facebook.com/groups/1629947227262570,
https://www.facebook.com/groups/1557681401120840,
https://www.facebook.com/groups/1579657355620830,
https://www.facebook.com/groups/199531513437860,
https://www.facebook.com/groups/1438072233170810,
https://www.facebook.com/groups/1384743975187890,
https://www.facebook.com/groups/142103189293719,
https://www.facebook.com/groups/436931699787319,
https://www.facebook.com/groups/552119438222680,
https://www.facebook.com/groups/718274501613428,
https://www.facebook.com/groups/191771717569189,
https://www.facebook.com/groups/649808211703857,
https://www.facebook.com/groups/10910965839,
https://www.facebook.com/groups/553644681346500,
https://www.facebook.com/groups/628427627298447,
https://www.facebook.com/groups/248022718714017,
https://www.facebook.com/groups/204492699647857,
https://www.facebook.com/groups/205641289478369,
https://www.facebook.com/groups/582519781813177,
https://www.facebook.com/groups/287035794742569,
https://www.facebook.com/groups/709965019069378,
https://www.facebook.com/groups/552607528150959,
https://www.facebook.com/groups/1487515404833660,
https://www.facebook.com/groups/1392870864344960,
https://www.facebook.com/groups/933347920072931,
https://www.facebook.com/groups/653690538038111,
https://www.facebook.com/groups/424324357670347,
https://www.facebook.com/groups/1704775469742190,
https://www.facebook.com/groups/507863046038322,
https://www.facebook.com/groups/238466886327984,
https://www.facebook.com/groups/644389578945157,
https://www.facebook.com/groups/790369577664183,
https://www.facebook.com/groups/577857508986157,
https://www.facebook.com/groups/307976915985175,
https://www.facebook.com/groups/104387302936687,
https://www.facebook.com/groups/788626647895596,
https://www.facebook.com/groups/633860300043290,
https://www.facebook.com/groups/286292018188075,
https://www.facebook.com/groups/121821474502121,
https://www.facebook.com/groups/1664980273775970,
https://www.facebook.com/groups/183553768322937,
https://www.facebook.com/groups/763927080372103,
https://www.facebook.com/groups/329732467083937,
https://www.facebook.com/groups/641846095885503,
https://www.facebook.com/groups/17066638119,
https://www.facebook.com/groups/534133730050976,
https://www.facebook.com/groups/1620970114803870,
https://www.facebook.com/groups/959673194102923,
https://www.facebook.com/groups/193506027341507,
https://www.facebook.com/groups/153108094716550,
https://www.facebook.com/groups/1457602697856190,
https://www.facebook.com/groups/314645485295011,
https://www.facebook.com/groups/606508496081610,
https://www.facebook.com/groups/203307849869054,
https://www.facebook.com/groups/124837200874345,
https://www.facebook.com/groups/292135680884593,
https://www.facebook.com/groups/287266762718,
https://www.facebook.com/groups/131552657013672,
https://www.facebook.com/groups/206095066252744,
https://www.facebook.com/groups/766349916791449,
https://www.facebook.com/groups/571328092955352,
https://www.facebook.com/groups/815757821794468,
https://www.facebook.com/groups/145147778952677,
https://www.facebook.com/groups/103431319733912,
https://www.facebook.com/groups/770574356290564,
https://www.facebook.com/groups/528026407284534,
https://www.facebook.com/groups/75472847998,
https://www.facebook.com/groups/485867864913014,
https://www.facebook.com/groups/307459849359128,
https://www.facebook.com/groups/369676769865216,
https://www.facebook.com/groups/172600929474729,
https://www.facebook.com/groups/1426633657570870,
https://www.facebook.com/groups/930871040289549,
https://www.facebook.com/groups/333227103468915,
https://www.facebook.com/groups/405906452869890,
https://www.facebook.com/groups/309628695891448,
https://www.facebook.com/groups/250868031634300,
https://www.facebook.com/groups/897181003656394,
https://www.facebook.com/groups/523983627697593,
https://www.facebook.com/groups/709159635776676,
https://www.facebook.com/groups/419811794858383,
https://www.facebook.com/groups/1534923906791430,
https://www.facebook.com/groups/149945045105688,
https://www.facebook.com/groups/271672652984536,
https://www.facebook.com/groups/423996614345417,
https://www.facebook.com/groups/633396446745920,
https://www.facebook.com/groups/1587072841553200,
https://www.facebook.com/groups/238037102906208,
https://www.facebook.com/groups/545133635614170,
https://www.facebook.com/groups/153540888160872,
https://www.facebook.com/groups/232813506806980,
https://www.facebook.com/groups/466759246695766,
https://www.facebook.com/groups/1641031782798420,
https://www.facebook.com/groups/841226245996354,
https://www.facebook.com/groups/133299120063073,
https://www.facebook.com/groups/798341416863423,
https://www.facebook.com/groups/1404511179816060,
https://www.facebook.com/groups/29377345621,
https://www.facebook.com/groups/596295903781491,
https://www.facebook.com/groups/1391927561068620,
https://www.facebook.com/groups/986901881403914,
https://www.facebook.com/groups/169742753234851,
https://www.facebook.com/groups/1435010906825720,
https://www.facebook.com/groups/831933770191952,
https://www.facebook.com/groups/1009838435703160,
https://www.facebook.com/groups/70786564478,
https://www.facebook.com/groups/240078802830733,
https://www.facebook.com/groups/742881045761879,
https://www.facebook.com/groups/7921589917,
https://www.facebook.com/groups/1538131316442300,
https://www.facebook.com/groups/281094622071313,
https://www.facebook.com/groups/294169163940954,
https://www.facebook.com/groups/1712095075595920,
https://www.facebook.com/groups/2264507954,
https://www.facebook.com/groups/162803720427005,
https://www.facebook.com/groups/445804955439686,
https://www.facebook.com/groups/1518467731752230,
https://www.facebook.com/groups/1464727557089510,
https://www.facebook.com/groups/1422695694643800,
https://www.facebook.com/groups/329438680457023,
https://www.facebook.com/groups/332463790214218,
https://www.facebook.com/groups/325773857567314,
https://www.facebook.com/groups/110307872328874,
https://www.facebook.com/groups/847190575324617,
https://www.facebook.com/groups/1429304244007690,
https://www.facebook.com/groups/652757354831908,
https://www.facebook.com/groups/937006076329428,
https://www.facebook.com/groups/101061153758,
https://www.facebook.com/groups/150012161691011,
https://www.facebook.com/groups/1002972876394500,
https://www.facebook.com/groups/119364411543435,
https://www.facebook.com/groups/369999189710819,
https://www.facebook.com/groups/224575060962632,
https://www.facebook.com/groups/1436916066548990,
https://www.facebook.com/groups/545215162171667,
https://www.facebook.com/groups/314597792022867,
https://www.facebook.com/groups/196660933694700,
https://www.facebook.com/groups/356073594530954,
https://www.facebook.com/groups/479455665502795,
https://www.facebook.com/groups/919066708120995,
https://www.facebook.com/groups/553603961412083,
https://www.facebook.com/groups/1456410814639100,
https://www.facebook.com/groups/104450122957854,
https://www.facebook.com/groups/405342582835120,
https://www.facebook.com/groups/161867033875725,
https://www.facebook.com/groups/482681978431115,
https://www.facebook.com/groups/254907991254847,
https://www.facebook.com/groups/359705414121370,
https://www.facebook.com/groups/185401714955815,
https://www.facebook.com/groups/132365343868,
https://www.facebook.com/groups/475157062568786,
https://www.facebook.com/groups/1495308527436210,
https://www.facebook.com/groups/382903498479101,
https://www.facebook.com/groups/733149330088212,
https://www.facebook.com/groups/1647827848778810,
https://www.facebook.com/groups/1390176174574590,
https://www.facebook.com/groups/314955225378893,
https://www.facebook.com/groups/422649107778285,
https://www.facebook.com/groups/267273053295124,
https://www.facebook.com/groups/609630705846513,
https://www.facebook.com/groups/532818250075727,
https://www.facebook.com/groups/491431120904512,
https://www.facebook.com/groups/803059833138151,
https://www.facebook.com/groups/520547204658347,
https://www.facebook.com/groups/323839300048,
https://www.facebook.com/groups/683020028388597,
https://www.facebook.com/groups/567304173293252,
https://www.facebook.com/groups/358573944346975,
https://www.facebook.com/groups/175336929328508,
https://www.facebook.com/groups/232937930248564,
https://www.facebook.com/groups/1480936658879890,
https://www.facebook.com/groups/518174838238669,
https://www.facebook.com/groups/462849653836471,
https://www.facebook.com/groups/313445782046393,
https://www.facebook.com/groups/1583920418561470,
https://www.facebook.com/groups/235933706421612,
https://www.facebook.com/groups/153993647997727,
https://www.facebook.com/groups/1586287591591550,
https://www.facebook.com/groups/1436976006543510,
https://www.facebook.com/groups/263434963854585,
https://www.facebook.com/groups/504195946322787,
https://www.facebook.com/groups/87744632377,
https://www.facebook.com/groups/308202622557682,
https://www.facebook.com/groups/160767717466082,
https://www.facebook.com/groups/1588812171372750,
https://www.facebook.com/groups/44990886818,
https://www.facebook.com/groups/18806611482,
https://www.facebook.com/groups/306845939377503,
https://www.facebook.com/groups/119682904759513,
https://www.facebook.com/groups/1499556013667710,
https://www.facebook.com/groups/414979338618819,
https://www.facebook.com/groups/2215424765,
https://www.facebook.com/groups/510867849072686,
https://www.facebook.com/groups/334181353424837,
https://www.facebook.com/groups/195813460452983,
https://www.facebook.com/groups/159834550733944,
https://www.facebook.com/groups/5777891175,
https://www.facebook.com/groups/143153385752768,
https://www.facebook.com/groups/103270040009726,
https://www.facebook.com/groups/588560791257444,
https://www.facebook.com/groups/213973128669492,
https://www.facebook.com/groups/136998486375986,
https://www.facebook.com/groups/334084606681362,
https://www.facebook.com/groups/254021508057912,
https://www.facebook.com/groups/264025650310962,
https://www.facebook.com/groups/6693538525,
https://www.facebook.com/groups/28434938052,
https://www.facebook.com/groups/547080248662597,
https://www.facebook.com/groups/892836310796449,
https://www.facebook.com/groups/220570294749735,
https://www.facebook.com/groups/1526927804202080,
https://www.facebook.com/groups/164509966902105,
https://www.facebook.com/groups/1043111195723460,
https://www.facebook.com/groups/1593975987503430,
https://www.facebook.com/groups/283817961719870,
https://www.facebook.com/groups/148970762132804,
https://www.facebook.com/groups/440017819396147,
https://www.facebook.com/groups/1515906628635110,
https://www.facebook.com/groups/570862599647108,
https://www.facebook.com/groups/564613617029196,
https://www.facebook.com/groups/500883050077472,
https://www.facebook.com/groups/379291398877354,
https://www.facebook.com/groups/412013845575877,
https://www.facebook.com/groups/959298570787697,
https://www.facebook.com/groups/48494415710,
https://www.facebook.com/groups/524337947695236,
https://www.facebook.com/groups/893618140701981,
https://www.facebook.com/groups/442909305859424,
https://www.facebook.com/groups/340797562791404,
https://www.facebook.com/groups/130775496987591,
https://www.facebook.com/groups/264250137020180,
https://www.facebook.com/groups/177120885814581,
https://www.facebook.com/groups/1489248074672510,
https://www.facebook.com/groups/1519134944993270,
https://www.facebook.com/groups/501212583301464,
https://www.facebook.com/groups/310502869096832,
https://www.facebook.com/groups/918985611456268,
https://www.facebook.com/groups/1560678957490560,
https://www.facebook.com/groups/231783740224639,
https://www.facebook.com/groups/254653958046112,
https://www.facebook.com/groups/551909751522475,
https://www.facebook.com/groups/410640392401049,
https://www.facebook.com/groups/148147118880874,
https://www.facebook.com/groups/173597925985146,
https://www.facebook.com/groups/219828494836437,
https://www.facebook.com/groups/1445905118973320,
https://www.facebook.com/groups/448757105146249,
https://www.facebook.com/groups/166335170106797,
https://www.facebook.com/groups/295176573859897,
https://www.facebook.com/groups/1568370706739110,
https://www.facebook.com/groups/191590064238146,
https://www.facebook.com/groups/104164622987624,
https://www.facebook.com/groups/1542490425974840,
https://www.facebook.com/groups/260188024186649,
https://www.facebook.com/groups/704571199631190,
https://www.facebook.com/groups/464733946985738,
https://www.facebook.com/groups/256612064364991,
https://www.facebook.com/groups/398956530312287,
https://www.facebook.com/groups/333536093402308,
https://www.facebook.com/groups/1403390846656040,
https://www.facebook.com/groups/516038308440180,
https://www.facebook.com/groups/77004699772,
https://www.facebook.com/groups/793328994068968,
https://www.facebook.com/groups/254040244740330,
https://www.facebook.com/groups/283884916518,
https://www.facebook.com/groups/433660873452661,
https://www.facebook.com/groups/556810244433263,
https://www.facebook.com/groups/355653961221235,
https://www.facebook.com/groups/246940332076124,
https://www.facebook.com/groups/654057491358212,
https://www.facebook.com/groups/397190576984869,
https://www.facebook.com/groups/240697072742325,
https://www.facebook.com/groups/206766039384177,
https://www.facebook.com/groups/168819796483533,
https://www.facebook.com/groups/105755442801771,
https://www.facebook.com/groups/540831682696212,
https://www.facebook.com/groups/1646886398888500,
https://www.facebook.com/groups/7768986695,
https://www.facebook.com/groups/1446261285650440,
https://www.facebook.com/groups/24125094016,
https://www.facebook.com/groups/1639007109692440,
https://www.facebook.com/groups/190251341044397,
https://www.facebook.com/groups/787048874643230,
https://www.facebook.com/groups/489882954444364,
https://www.facebook.com/groups/753628108055869,
https://www.facebook.com/groups/169029292512,
https://www.facebook.com/groups/346012555575885,
https://www.facebook.com/groups/748040291910845,
https://www.facebook.com/groups/688996734488070,
https://www.facebook.com/groups/27538046856,
https://www.facebook.com/groups/274996351260,
https://www.facebook.com/groups/1451039055212920,
https://www.facebook.com/groups/1684942125055580,
https://www.facebook.com/groups/120515516175,
https://www.facebook.com/groups/119718204904890,
https://www.facebook.com/groups/121331957879783,
https://www.facebook.com/groups/183257045206132,
https://www.facebook.com/groups/11968956343,
https://www.facebook.com/groups/2497971549,
https://www.facebook.com/groups/1672096849685370,
https://www.facebook.com/groups/178165119003321,
https://www.facebook.com/groups/601104993324141,
https://www.facebook.com/groups/39298007065,
https://www.facebook.com/groups/174173306027328,
https://www.facebook.com/groups/297924520233177,
https://www.facebook.com/groups/348471138557772,
https://www.facebook.com/groups/478201912261011,
https://www.facebook.com/groups/776852985729379,
https://www.facebook.com/groups/1550672411828590,
https://www.facebook.com/groups/1043665832311840,
https://www.facebook.com/groups/1476727209295700,
https://www.facebook.com/groups/229630973801884,
https://www.facebook.com/groups/124518814414438,
https://www.facebook.com/groups/143173532395900,
https://www.facebook.com/groups/123201727135,
https://www.facebook.com/groups/112328772154080,
https://www.facebook.com/groups/110362509079609,
https://www.facebook.com/groups/236138163234685,
https://www.facebook.com/groups/312480148887287,
https://www.facebook.com/groups/1440567812842440,
https://www.facebook.com/groups/1148302255197480,
https://www.facebook.com/groups/238812892888048,
https://www.facebook.com/groups/256113461157347,
https://www.facebook.com/groups/1760408407518890,
https://www.facebook.com/groups/533636486773837,
https://www.facebook.com/groups/434687916676675,
https://www.facebook.com/groups/205492549461000,
https://www.facebook.com/groups/111760898909482,
https://www.facebook.com/groups/1461743340756910,
https://www.facebook.com/groups/1592671387611880,
https://www.facebook.com/groups/1490705921189010,
https://www.facebook.com/groups/480617475328450,
https://www.facebook.com/groups/30137110374,
https://www.facebook.com/groups/132514123763572,
https://www.facebook.com/groups/672598696204316,
https://www.facebook.com/groups/570579496327068,
https://www.facebook.com/groups/1488409658118960,
https://www.facebook.com/groups/443453939104611,
https://www.facebook.com/groups/58624504813,
https://www.facebook.com/groups/2541748528,
https://www.facebook.com/groups/1374758629413200,
https://www.facebook.com/groups/704745526286909,
https://www.facebook.com/groups/1407089302947100,
https://www.facebook.com/groups/922915121100591,
https://www.facebook.com/groups/38804256662,
https://www.facebook.com/groups/132644516788551,
https://www.facebook.com/groups/1580111988927410,
https://www.facebook.com/groups/153553881334886,
